{
    "iteration": 5,
    "objectData": [
        {
            "name": "models\\Lantern.glb_0",
            "new_orientation": {
                "x": 0.18921414017677307,
                "y": 0.33214783668518066,
                "z": 0.33012235164642334
            },
            "new_position": {
                "x": 0.9234083890914917,
                "y": 7.130087852478027,
                "z": -42.564815521240234
            },
            "old_orientation": {
                "x": 0.18457277119159698,
                "y": 0.2345263659954071,
                "z": 0.24722546339035034
            },
            "old_position": {
                "x": 0.8570601344108582,
                "y": 7.129238128662109,
                "z": -42.63760757446289
            },
            "orientation_delta": {
                "x": 0.004641368985176086,
                "y": 0.09762147068977356,
                "z": 0.082896888256073
            },
            "position_delta": {
                "x": 0.06634825468063354,
                "y": 0.0008497238159179688,
                "z": 0.07279205322265625
            }
        },
        {
            "name": "models\\Lantern.glb_1",
            "new_orientation": {
                "x": 0.2888845205307007,
                "y": 0.5086444020271301,
                "z": 0.39014774560928345
            },
            "new_position": {
                "x": -2.442519426345825,
                "y": -9.078300476074219,
                "z": -23.12009620666504
            },
            "old_orientation": {
                "x": 0.2822827994823456,
                "y": 0.4768003821372986,
                "z": 0.31693267822265625
            },
            "old_position": {
                "x": -2.462585210800171,
                "y": -9.169197082519531,
                "z": -23.151411056518555
            },
            "orientation_delta": {
                "x": 0.0066017210483551025,
                "y": 0.03184401988983154,
                "z": 0.0732150673866272
            },
            "position_delta": {
                "x": 0.020065784454345703,
                "y": 0.0908966064453125,
                "z": 0.031314849853515625
            }
        }
    ]
}