{
    "iteration": 1,
    "objectData": [
        {
            "name": "models\\Lantern.glb_0",
            "new_orientation": {
                "x": 0.07191654294729233,
                "y": 0.14208747446537018,
                "z": 0.10252562165260315
            },
            "new_position": {
                "x": 0.6207082271575928,
                "y": 6.925420761108398,
                "z": -42.890228271484375
            },
            "old_orientation": {
                "x": 0.04238884150981903,
                "y": 0.11720958352088928,
                "z": 0.040646906942129135
            },
            "old_position": {
                "x": 0.6196155548095703,
                "y": 6.913173198699951,
                "z": -42.94508743286133
            },
            "orientation_delta": {
                "x": 0.029527701437473297,
                "y": 0.024877890944480896,
                "z": 0.061878714710474014
            },
            "position_delta": {
                "x": 0.001092672348022461,
                "y": 0.012247562408447266,
                "z": 0.054859161376953125
            }
        },
        {
            "name": "models\\Lantern.glb_1",
            "new_orientation": {
                "x": 0.17193233966827393,
                "y": 0.24529102444648743,
                "z": 0.2291465401649475
            },
            "new_position": {
                "x": -2.555506944656372,
                "y": -9.25739860534668,
                "z": -23.234487533569336
            },
            "old_orientation": {
                "x": 0.10529153048992157,
                "y": 0.1463024616241455,
                "z": 0.14418280124664307
            },
            "old_position": {
                "x": -2.6310479640960693,
                "y": -9.285155296325684,
                "z": -23.302553176879883
            },
            "orientation_delta": {
                "x": 0.06664080917835236,
                "y": 0.09898856282234192,
                "z": 0.08496373891830444
            },
            "position_delta": {
                "x": 0.07554101943969727,
                "y": 0.027756690979003906,
                "z": 0.06806564331054688
            }
        }
    ]
}