{
    "iteration": 4,
    "objectData": [
        {
            "name": "models\\Lantern.glb_0",
            "new_orientation": {
                "x": 0.18457277119159698,
                "y": 0.2345263659954071,
                "z": 0.24722546339035034
            },
            "new_position": {
                "x": 0.8570601344108582,
                "y": 7.129238128662109,
                "z": -42.63760757446289
            },
            "old_orientation": {
                "x": 0.17472980916500092,
                "y": 0.160701721906662,
                "z": 0.23461151123046875
            },
            "old_position": {
                "x": 0.778702974319458,
                "y": 7.030463695526123,
                "z": -42.70563507080078
            },
            "orientation_delta": {
                "x": 0.00984296202659607,
                "y": 0.07382464408874512,
                "z": 0.012613952159881592
            },
            "position_delta": {
                "x": 0.07835716009140015,
                "y": 0.09877443313598633,
                "z": 0.06802749633789063
            }
        },
        {
            "name": "models\\Lantern.glb_1",
            "new_orientation": {
                "x": 0.2822827994823456,
                "y": 0.4768003821372986,
                "z": 0.31693267822265625
            },
            "new_position": {
                "x": -2.462585210800171,
                "y": -9.169197082519531,
                "z": -23.151411056518555
            },
            "old_orientation": {
                "x": 0.2593335807323456,
                "y": 0.3850765526294708,
                "z": 0.28819096088409424
            },
            "old_position": {
                "x": -2.5060946941375732,
                "y": -9.202951431274414,
                "z": -23.166135787963867
            },
            "orientation_delta": {
                "x": 0.02294921875,
                "y": 0.09172382950782776,
                "z": 0.02874171733856201
            },
            "position_delta": {
                "x": 0.043509483337402344,
                "y": 0.03375434875488281,
                "z": 0.0147247314453125
            }
        }
    ]
}