{
    "iteration": 6,
    "objectData": [
        {
            "name": "models\\Lantern.glb_0",
            "new_orientation": {
                "x": 0.1979791671037674,
                "y": 0.3772226870059967,
                "z": 0.3844076991081238
            },
            "new_position": {
                "x": 0.9535228610038757,
                "y": 7.19779634475708,
                "z": -42.55714797973633
            },
            "old_orientation": {
                "x": 0.18921414017677307,
                "y": 0.33214783668518066,
                "z": 0.33012235164642334
            },
            "old_position": {
                "x": 0.9234083890914917,
                "y": 7.130087852478027,
                "z": -42.564815521240234
            },
            "orientation_delta": {
                "x": 0.008765026926994324,
                "y": 0.04507485032081604,
                "z": 0.05428534746170044
            },
            "position_delta": {
                "x": 0.030114471912384033,
                "y": 0.06770849227905273,
                "z": 0.00766754150390625
            }
        },
        {
            "name": "models\\Lantern.glb_1",
            "new_orientation": {
                "x": 0.30601608753204346,
                "y": 0.5396234393119812,
                "z": 0.4859650135040283
            },
            "new_position": {
                "x": -2.3800463676452637,
                "y": -9.033376693725586,
                "z": -23.054439544677734
            },
            "old_orientation": {
                "x": 0.2888845205307007,
                "y": 0.5086444020271301,
                "z": 0.39014774560928345
            },
            "old_position": {
                "x": -2.442519426345825,
                "y": -9.078300476074219,
                "z": -23.12009620666504
            },
            "orientation_delta": {
                "x": 0.017131567001342773,
                "y": 0.030979037284851074,
                "z": 0.09581726789474487
            },
            "position_delta": {
                "x": 0.06247305870056152,
                "y": 0.04492378234863281,
                "z": 0.06565666198730469
            }
        }
    ]
}