{
    "iteration": 0,
    "objectData": [
        {
            "name": "models\\Lantern.glb_0",
            "new_orientation": {
                "x": 0.04238884150981903,
                "y": 0.11720958352088928,
                "z": 0.040646906942129135
            },
            "new_position": {
                "x": 0.6196155548095703,
                "y": 6.913173198699951,
                "z": -42.94508743286133
            },
            "old_orientation": {
                "x": 0.009676743298768997,
                "y": 0.0309686791151762,
                "z": 0.02331334911286831
            },
            "old_position": {
                "x": 0.6109363436698914,
                "y": 6.822988510131836,
                "z": -42.99750518798828
            },
            "orientation_delta": {
                "x": 0.032712098211050034,
                "y": 0.08624090254306793,
                "z": 0.017333557829260826
            },
            "position_delta": {
                "x": 0.008679211139678955,
                "y": 0.09018468856811523,
                "z": 0.052417755126953125
            }
        },
        {
            "name": "models\\Lantern.glb_1",
            "new_orientation": {
                "x": 0.10529153048992157,
                "y": 0.1463024616241455,
                "z": 0.14418280124664307
            },
            "new_position": {
                "x": -2.6310479640960693,
                "y": -9.285155296325684,
                "z": -23.302553176879883
            },
            "old_orientation": {
                "x": 0.06422014534473419,
                "y": 0.05601371079683304,
                "z": 0.07278520613908768
            },
            "old_position": {
                "x": -2.725731134414673,
                "y": -9.292333602905273,
                "z": -23.333913803100586
            },
            "orientation_delta": {
                "x": 0.04107138514518738,
                "y": 0.09028875082731247,
                "z": 0.07139759510755539
            },
            "position_delta": {
                "x": 0.09468317031860352,
                "y": 0.007178306579589844,
                "z": 0.031360626220703125
            }
        }
    ]
}