{
    "iteration": 7,
    "objectData": [
        {
            "name": "models\\Lantern.glb_0",
            "new_orientation": {
                "x": 0.2606208324432373,
                "y": 0.42461878061294556,
                "z": 0.45668715238571167
            },
            "new_position": {
                "x": 1.0515166521072388,
                "y": 7.204678535461426,
                "z": -42.52351760864258
            },
            "old_orientation": {
                "x": 0.1979791671037674,
                "y": 0.3772226870059967,
                "z": 0.3844076991081238
            },
            "old_position": {
                "x": 0.9535228610038757,
                "y": 7.19779634475708,
                "z": -42.55714797973633
            },
            "orientation_delta": {
                "x": 0.06264166533946991,
                "y": 0.04739609360694885,
                "z": 0.07227945327758789
            },
            "position_delta": {
                "x": 0.09799379110336304,
                "y": 0.006882190704345703,
                "z": 0.03363037109375
            }
        },
        {
            "name": "models\\Lantern.glb_1",
            "new_orientation": {
                "x": 0.393399715423584,
                "y": 0.622110903263092,
                "z": 0.5510194897651672
            },
            "new_position": {
                "x": -2.3748891353607178,
                "y": -8.967353820800781,
                "z": -22.96099853515625
            },
            "old_orientation": {
                "x": 0.30601608753204346,
                "y": 0.5396234393119812,
                "z": 0.4859650135040283
            },
            "old_position": {
                "x": -2.3800463676452637,
                "y": -9.033376693725586,
                "z": -23.054439544677734
            },
            "orientation_delta": {
                "x": 0.08738362789154053,
                "y": 0.08248746395111084,
                "z": 0.06505447626113892
            },
            "position_delta": {
                "x": 0.0051572322845458984,
                "y": 0.06602287292480469,
                "z": 0.09344100952148438
            }
        }
    ]
}