{
    "iteration": 2,
    "objectData": [
        {
            "name": "models\\Lantern.glb_0",
            "new_orientation": {
                "x": 0.08579383790493011,
                "y": 0.1518450677394867,
                "z": 0.14002594351768494
            },
            "new_position": {
                "x": 0.7001891136169434,
                "y": 6.944069862365723,
                "z": -42.7996940612793
            },
            "old_orientation": {
                "x": 0.07191654294729233,
                "y": 0.14208747446537018,
                "z": 0.10252562165260315
            },
            "old_position": {
                "x": 0.6207082271575928,
                "y": 6.925420761108398,
                "z": -42.890228271484375
            },
            "orientation_delta": {
                "x": 0.013877294957637787,
                "y": 0.009757593274116516,
                "z": 0.03750032186508179
            },
            "position_delta": {
                "x": 0.07948088645935059,
                "y": 0.01864910125732422,
                "z": 0.09053421020507813
            }
        },
        {
            "name": "models\\Lantern.glb_1",
            "new_orientation": {
                "x": 0.23843765258789063,
                "y": 0.3316028118133545,
                "z": 0.2826157510280609
            },
            "new_position": {
                "x": -2.543018102645874,
                "y": -9.244688034057617,
                "z": -23.205995559692383
            },
            "old_orientation": {
                "x": 0.17193233966827393,
                "y": 0.24529102444648743,
                "z": 0.2291465401649475
            },
            "old_position": {
                "x": -2.555506944656372,
                "y": -9.25739860534668,
                "z": -23.234487533569336
            },
            "orientation_delta": {
                "x": 0.0665053129196167,
                "y": 0.08631178736686707,
                "z": 0.0534692108631134
            },
            "position_delta": {
                "x": 0.012488842010498047,
                "y": 0.0127105712890625,
                "z": 0.028491973876953125
            }
        }
    ]
}