{
    "iteration": 9,
    "objectData": [
        {
            "name": "models\\Lantern.glb_0",
            "new_orientation": {
                "x": 0.3215259909629822,
                "y": 0.4694397449493408,
                "z": 0.551310658454895
            },
            "new_position": {
                "x": 1.1879682540893555,
                "y": 7.3007097244262695,
                "z": -42.45907211303711
            },
            "old_orientation": {
                "x": 0.2782720625400543,
                "y": 0.4302998483181,
                "z": 0.5036386847496033
            },
            "old_position": {
                "x": 1.1376419067382813,
                "y": 7.2900519371032715,
                "z": -42.47865295410156
            },
            "orientation_delta": {
                "x": 0.043253928422927856,
                "y": 0.039139896631240845,
                "z": 0.04767197370529175
            },
            "position_delta": {
                "x": 0.05032634735107422,
                "y": 0.010657787322998047,
                "z": 0.019580841064453125
            }
        },
        {
            "name": "models\\Lantern.glb_1",
            "new_orientation": {
                "x": 0.4499465227127075,
                "y": 0.6702724695205688,
                "z": 0.5929042100906372
            },
            "new_position": {
                "x": -2.3159308433532715,
                "y": -8.864439964294434,
                "z": -22.856178283691406
            },
            "old_orientation": {
                "x": 0.407646507024765,
                "y": 0.6483941078186035,
                "z": 0.5565344095230103
            },
            "old_position": {
                "x": -2.3584489822387695,
                "y": -8.883654594421387,
                "z": -22.916996002197266
            },
            "orientation_delta": {
                "x": 0.042300015687942505,
                "y": 0.021878361701965332,
                "z": 0.03636980056762695
            },
            "position_delta": {
                "x": 0.04251813888549805,
                "y": 0.019214630126953125,
                "z": 0.060817718505859375
            }
        }
    ]
}