{
    "iteration": 8,
    "objectData": [
        {
            "name": "models\\Lantern.glb_0",
            "new_orientation": {
                "x": 0.2782720625400543,
                "y": 0.4302998483181,
                "z": 0.5036386847496033
            },
            "new_position": {
                "x": 1.1376419067382813,
                "y": 7.2900519371032715,
                "z": -42.47865295410156
            },
            "old_orientation": {
                "x": 0.2606208324432373,
                "y": 0.42461878061294556,
                "z": 0.45668715238571167
            },
            "old_position": {
                "x": 1.0515166521072388,
                "y": 7.204678535461426,
                "z": -42.52351760864258
            },
            "orientation_delta": {
                "x": 0.017651230096817017,
                "y": 0.005681067705154419,
                "z": 0.0469515323638916
            },
            "position_delta": {
                "x": 0.08612525463104248,
                "y": 0.0853734016418457,
                "z": 0.044864654541015625
            }
        },
        {
            "name": "models\\Lantern.glb_1",
            "new_orientation": {
                "x": 0.407646507024765,
                "y": 0.6483941078186035,
                "z": 0.5565344095230103
            },
            "new_position": {
                "x": -2.3584489822387695,
                "y": -8.883654594421387,
                "z": -22.916996002197266
            },
            "old_orientation": {
                "x": 0.393399715423584,
                "y": 0.622110903263092,
                "z": 0.5510194897651672
            },
            "old_position": {
                "x": -2.3748891353607178,
                "y": -8.967353820800781,
                "z": -22.96099853515625
            },
            "orientation_delta": {
                "x": 0.01424679160118103,
                "y": 0.026283204555511475,
                "z": 0.005514919757843018
            },
            "position_delta": {
                "x": 0.016440153121948242,
                "y": 0.08369922637939453,
                "z": 0.044002532958984375
            }
        }
    ]
}