{
    "iteration": 10,
    "objectData": [
        {
            "name": "models\\Lantern.glb_0",
            "new_orientation": {
                "x": 0.3454267382621765,
                "y": 0.5646641254425049,
                "z": 0.5840958952903748
            },
            "new_position": {
                "x": 1.2418477535247803,
                "y": 7.334426403045654,
                "z": -42.38071060180664
            },
            "old_orientation": {
                "x": 0.3215259909629822,
                "y": 0.4694397449493408,
                "z": 0.551310658454895
            },
            "old_position": {
                "x": 1.1879682540893555,
                "y": 7.3007097244262695,
                "z": -42.45907211303711
            },
            "orientation_delta": {
                "x": 0.023900747299194336,
                "y": 0.09522438049316406,
                "z": 0.032785236835479736
            },
            "position_delta": {
                "x": 0.053879499435424805,
                "y": 0.033716678619384766,
                "z": 0.07836151123046875
            }
        },
        {
            "name": "models\\Lantern.glb_1",
            "new_orientation": {
                "x": 0.5473633408546448,
                "y": 0.7311344146728516,
                "z": 0.6350514888763428
            },
            "new_position": {
                "x": -2.2207391262054443,
                "y": -8.812407493591309,
                "z": -22.774009704589844
            },
            "old_orientation": {
                "x": 0.4499465227127075,
                "y": 0.6702724695205688,
                "z": 0.5929042100906372
            },
            "old_position": {
                "x": -2.3159308433532715,
                "y": -8.864439964294434,
                "z": -22.856178283691406
            },
            "orientation_delta": {
                "x": 0.09741681814193726,
                "y": 0.060861945152282715,
                "z": 0.042147278785705566
            },
            "position_delta": {
                "x": 0.09519171714782715,
                "y": 0.052032470703125,
                "z": 0.0821685791015625
            }
        }
    ]
}