{
    "iteration": 3,
    "objectData": [
        {
            "name": "models\\Lantern.glb_0",
            "new_orientation": {
                "x": 0.17472980916500092,
                "y": 0.160701721906662,
                "z": 0.23461151123046875
            },
            "new_position": {
                "x": 0.778702974319458,
                "y": 7.030463695526123,
                "z": -42.70563507080078
            },
            "old_orientation": {
                "x": 0.08579383790493011,
                "y": 0.1518450677394867,
                "z": 0.14002594351768494
            },
            "old_position": {
                "x": 0.7001891136169434,
                "y": 6.944069862365723,
                "z": -42.7996940612793
            },
            "orientation_delta": {
                "x": 0.0889359712600708,
                "y": 0.008856654167175293,
                "z": 0.09458556771278381
            },
            "position_delta": {
                "x": 0.07851386070251465,
                "y": 0.08639383316040039,
                "z": 0.09405899047851563
            }
        },
        {
            "name": "models\\Lantern.glb_1",
            "new_orientation": {
                "x": 0.2593335807323456,
                "y": 0.3850765526294708,
                "z": 0.28819096088409424
            },
            "new_position": {
                "x": -2.5060946941375732,
                "y": -9.202951431274414,
                "z": -23.166135787963867
            },
            "old_orientation": {
                "x": 0.23843765258789063,
                "y": 0.3316028118133545,
                "z": 0.2826157510280609
            },
            "old_position": {
                "x": -2.543018102645874,
                "y": -9.244688034057617,
                "z": -23.205995559692383
            },
            "orientation_delta": {
                "x": 0.020895928144454956,
                "y": 0.05347374081611633,
                "z": 0.005575209856033325
            },
            "position_delta": {
                "x": 0.03692340850830078,
                "y": 0.041736602783203125,
                "z": 0.039859771728515625
            }
        }
    ]
}